LocalDate,LocalTime,{[clx]CycleReport.Recipe.Name},{[clx]CycleReport.UserID_Start},{[clx]CycleReport.Recipe.ModifiedBy},{[clx]DBExchange.Batch[0]},{[clx]DBExchange.Batch[1]},{[clx]DBExchange.Batch[2]},{[clx]DBExchange.Batch[3]},{[clx]DBExchange.Batch[4]},{[clx]CycleStatus.CycleTimer.Hour},{[clx]CycleStatus.CycleTimer.Minute},{[clx]CycleStatus.CycleTimer.Second},{[clx]CycleStatus.PhaseTime.Hour},{[clx]CycleStatus.PhaseTime.Minute},{[clx]CycleStatus.PhaseTime.Second},{[clx]CycleStatus.CycleCounter},{[clx]CycleStatus.PhaseType},{[clx]CycleStatus.SubPhase},{[clx]AI_Data[0].Value},{[clx]AI_Data[1].Value},{[clx]AI_Data[2].Value},{[clx]AI_Data[3].Value},{[clx]AI_Data[7].Value},{[clx]DI_Data[0].10},{[clx]DI_Data[0].9},{[clx]DI_Data[0].8},{[clx]DI_Data[0].7},{::[clx]Program:MainProgram.SYSFLAG.Alarm_Phase},{::[clx]Program:MainProgram.SYSFLAG.Process_Stepped},{::[clx]Program:MainProgram.FLAG.Door_Seal_Interlock},{::[clx]Program:MainProgram.FLAG.Pressure_Interlock},{::[clx]Program:MainProgram.FLAG.Timeout},{::[clx]Program:MainProgram.FLAG.Vacuum_Timeout}
06/02/2014,11:06:21,Maintenance Function Test,DEFAULT,No user,,,,,,0.00,0.00,9.00,0.00,0.00,9.00,16.00,2.00,4.00,14.99,104.13,14.99,18.28,15.06,1.00,0.00,0.00,0.00,0.00,0.00,0.00,0.00,0.00,0.00
06/02/2014,11:06:31,Maintenance Function Test,DEFAULT,No user,,,,,,0.00,0.00,19.00,0.00,0.00,19.00,16.00,2.00,4.00,14.99,113.09,14.99,18.28,15.06,1.00,0.00,0.00,0.00,0.00,0.00,0.00,0.00,0.00,0.00
06/02/2014,11:06:41,Maintenance Function Test,DEFAULT,No user,,,,,,0.00,0.00,29.00,0.00,0.00,4.00,16.00,4.00,2.00,14.99,121.13,14.99,18.28,15.06,1.00,0.00,0.00,0.00,0.00,0.00,0.00,0.00,0.00,0.00
06/02/2014,11:06:51,Maintenance Function Test,DEFAULT,No user,,,,,,0.00,0.00,40.00,0.00,0.00,15.00,16.00,4.00,2.00,14.99,120.50,14.99,18.28,14.15,1.00,0.00,0.00,0.00,0.00,0.00,0.00,0.00,0.00,0.00
06/02/2014,11:07:01,Maintenance Function Test,DEFAULT,No user,,,,,,0.00,0.00,50.00,0.00,0.00,25.00,16.00,4.00,2.00,14.99,120.36,14.99,18.28,12.16,1.00,0.00,0.00,0.00,0.00,0.00,0.00,0.00,0.00,0.00
06/02/2014,11:07:11,Maintenance Function Test,DEFAULT,No user,,,,,,0.00,1.00,0.00,0.00,0.00,35.00,16.00,4.00,2.00,14.99,119.73,14.99,18.28,10.44,1.00,0.00,0.00,0.00,0.00,0.00,0.00,0.00,0.00,0.00
06/02/2014,11:07:21,Maintenance Function Test,DEFAULT,No user,,,,,,0.00,1.00,10.00,0.00,0.00,45.00,16.00,4.00,2.00,14.99,120.50,14.99,18.28,9.53,1.00,0.00,0.00,0.00,0.00,0.00,0.00,0.00,0.00,0.00
06/02/2014,11:07:31,Maintenance Function Test,DEFAULT,No user,,,,,,0.00,1.00,20.00,0.00,0.00,55.00,16.00,4.00,2.00,14.99,119.87,14.99,18.28,7.08,1.00,0.00,0.00,0.00,0.00,0.00,0.00,0.00,0.00,0.00
06/02/2014,11:07:41,Maintenance Function Test,DEFAULT,No user,,,,,,0.00,1.00,30.00,0.00,1.00,5.00,16.00,4.00,2.00,14.99,120.36,14.99,18.28,5.81,1.00,0.00,0.00,0.00,0.00,0.00,0.00,0.00,0.00,0.00
06/02/2014,11:07:51,Maintenance Function Test,DEFAULT,No user,,,,,,0.00,1.00,40.00,0.00,1.00,15.00,16.00,4.00,2.00,14.99,120.02,14.99,18.28,3.82,1.00,0.00,0.00,0.00,0.00,0.00,0.00,0.00,0.00,0.00
06/02/2014,11:08:01,Maintenance Function Test,DEFAULT,No user,,,,,,0.00,1.00,50.00,0.00,1.00,25.00,16.00,4.00,3.00,14.99,120.31,14.99,18.28,2.28,1.00,0.00,0.00,0.00,0.00,0.00,0.00,0.00,0.00,0.00
06/02/2014,11:08:11,Maintenance Function Test,DEFAULT,No user,,,,,,0.00,2.00,0.00,0.00,1.00,35.00,16.00,4.00,3.00,14.99,119.68,14.99,18.28,0.92,1.00,0.00,0.00,0.00,0.00,0.00,0.00,0.00,0.00,0.00
06/02/2014,11:08:21,Maintenance Function Test,DEFAULT,No user,,,,,,0.00,2.00,10.00,0.00,1.00,45.00,16.00,4.00,3.00,14.99,120.79,14.99,18.28,0.92,1.00,0.00,0.00,0.00,0.00,0.00,0.00,0.00,0.00,0.00
06/02/2014,11:08:31,Maintenance Function Test,DEFAULT,No user,,,,,,0.00,2.00,20.00,0.00,1.00,55.00,16.00,4.00,4.00,14.99,120.40,14.99,18.28,0.92,1.00,0.00,0.00,0.00,0.00,0.00,0.00,0.00,0.00,0.00
06/02/2014,11:08:41,Maintenance Function Test,DEFAULT,No user,,,,,,0.00,2.00,29.00,0.00,2.00,4.00,16.00,4.00,4.00,18.38,120.45,17.25,18.28,1.01,1.00,1.00,0.00,0.00,0.00,0.00,0.00,0.00,0.00,0.00
06/02/2014,11:08:51,Maintenance Function Test,DEFAULT,No user,,,,,,0.00,2.00,40.00,0.00,2.00,15.00,16.00,4.00,4.00,28.06,120.26,24.23,18.28,1.01,1.00,1.00,0.00,0.00,0.00,0.00,0.00,0.00,0.00,0.00
06/02/2014,11:09:01,Maintenance Function Test,DEFAULT,No user,,,,,,0.00,2.00,49.00,0.00,2.00,24.00,16.00,4.00,6.00,36.78,120.26,30.50,18.28,2.46,1.00,1.00,0.00,0.00,0.00,0.00,0.00,0.00,0.00,0.00
06/02/2014,11:09:11,Maintenance Function Test,DEFAULT,No user,,,,,,0.00,2.00,59.00,0.00,2.00,34.00,16.00,4.00,6.00,45.74,120.21,36.96,18.28,5.81,1.00,1.00,0.00,0.00,0.00,0.00,0.00,0.00,0.00,0.00
06/02/2014,11:09:21,Maintenance Function Test,DEFAULT,No user,,,,,,0.00,3.00,9.00,0.00,2.00,44.00,16.00,4.00,6.00,53.95,120.45,43.41,18.28,8.89,1.00,1.00,0.00,0.00,0.00,0.00,0.00,0.00,0.00,0.00
06/02/2014,11:09:31,Maintenance Function Test,DEFAULT,No user,,,,,,0.00,3.00,19.00,0.00,2.00,54.00,16.00,4.00,6.00,58.62,120.36,50.03,18.28,10.71,1.00,1.00,0.00,0.00,0.00,0.00,0.00,0.00,0.00,0.00
06/02/2014,11:09:41,Maintenance Function Test,DEFAULT,No user,,,,,,0.00,3.00,29.00,0.00,3.00,4.00,16.00,4.00,6.00,62.53,120.26,56.66,18.28,12.25,1.00,1.00,0.00,0.00,0.00,0.00,0.00,0.00,0.00,0.00
06/02/2014,11:09:51,Maintenance Function Test,DEFAULT,No user,,,,,,0.00,3.00,39.00,0.00,3.00,14.00,16.00,4.00,6.00,66.96,120.50,63.11,18.28,13.97,1.00,1.00,0.00,0.00,0.00,0.00,0.00,0.00,0.00,0.00
06/02/2014,11:10:01,Maintenance Function Test,DEFAULT,No user,,,,,,0.00,3.00,49.00,0.00,3.00,24.00,16.00,4.00,2.00,69.01,120.11,68.98,18.28,15.06,1.00,1.00,0.00,0.00,0.00,0.00,0.00,0.00,0.00,0.00
06/02/2014,11:10:11,Maintenance Function Test,DEFAULT,No user,,,,,,0.00,3.00,59.00,0.00,3.00,34.00,16.00,4.00,2.00,68.33,120.36,68.38,18.28,14.15,1.00,1.00,0.00,0.00,0.00,0.00,0.00,0.00,0.00,0.00
06/02/2014,11:10:21,Maintenance Function Test,DEFAULT,No user,,,,,,0.00,4.00,9.00,0.00,3.00,44.00,16.00,4.00,2.00,67.05,120.26,67.10,18.28,12.43,1.00,1.00,0.00,0.00,0.00,0.00,0.00,0.00,0.00,0.00
06/02/2014,11:10:31,Maintenance Function Test,DEFAULT,No user,,,,,,0.00,4.00,20.00,0.00,3.00,55.00,16.00,4.00,2.00,65.69,120.45,65.71,18.28,10.62,1.00,1.00,0.00,0.00,0.00,0.00,0.00,0.00,0.00,0.00
06/02/2014,11:10:41,Maintenance Function Test,DEFAULT,No user,,,,,,0.00,4.00,30.00,0.00,4.00,5.00,16.00,4.00,2.00,65.01,120.07,65.11,18.28,9.71,1.00,1.00,0.00,0.00,0.00,0.00,0.00,0.00,0.00,0.00
06/02/2014,11:10:51,Maintenance Function Test,DEFAULT,No user,,,,,,0.00,4.00,40.00,0.00,4.00,15.00,16.00,4.00,2.00,63.18,120.31,63.23,18.28,7.26,1.00,1.00,0.00,0.00,0.00,0.00,0.00,0.00,0.00,0.00
06/02/2014,11:11:01,Maintenance Function Test,DEFAULT,No user,,,,,,0.00,4.00,50.00,0.00,4.00,25.00,16.00,4.00,2.00,62.10,120.21,62.20,18.28,5.81,1.00,1.00,0.00,0.00,0.00,0.00,0.00,0.00,0.00,0.00
06/02/2014,11:11:11,Maintenance Function Test,DEFAULT,No user,,,,,,0.00,5.00,0.00,0.00,4.00,35.00,16.00,4.00,2.00,60.74,120.16,60.85,18.28,4.00,1.00,1.00,0.00,0.00,0.00,0.00,0.00,0.00,0.00,0.00
06/02/2014,11:11:21,Maintenance Function Test,DEFAULT,No user,,,,,,0.00,5.00,10.00,0.00,4.00,45.00,16.00,4.00,3.00,59.52,120.40,59.55,18.28,2.37,1.00,1.00,0.00,0.00,0.00,0.00,0.00,0.00,0.00,0.00
06/02/2014,11:11:31,Maintenance Function Test,DEFAULT,No user,,,,,,0.00,5.00,19.00,0.00,4.00,54.00,16.00,4.00,3.00,57.96,120.45,57.96,18.28,0.92,1.00,1.00,0.00,0.00,0.00,0.00,0.00,0.00,0.00,0.00
06/02/2014,11:11:41,Maintenance Function Test,DEFAULT,No user,,,,,,0.00,5.00,30.00,0.00,5.00,5.00,16.00,4.00,3.00,55.18,120.21,55.25,18.28,0.92,1.00,1.00,0.00,0.00,0.00,0.00,0.00,0.00,0.00,0.00
06/02/2014,11:11:51,Maintenance Function Test,DEFAULT,No user,,,,,,0.00,5.00,39.00,0.00,5.00,14.00,16.00,4.00,4.00,52.87,120.31,52.92,18.28,0.92,1.00,1.00,0.00,0.00,0.00,0.00,0.00,0.00,0.00,0.00
06/02/2014,11:12:01,Maintenance Function Test,DEFAULT,No user,,,,,,0.00,5.00,50.00,0.00,5.00,25.00,16.00,4.00,4.00,55.19,120.45,53.91,18.28,1.01,1.00,1.00,0.00,0.00,0.00,0.00,0.00,0.00,0.00,0.00
06/02/2014,11:12:11,Maintenance Function Test,DEFAULT,No user,,,,,,0.00,5.00,59.00,0.00,5.00,34.00,16.00,4.00,4.00,63.67,120.21,60.01,18.28,1.01,1.00,1.00,0.00,0.00,0.00,0.00,0.00,0.00,0.00,0.00
06/02/2014,11:12:21,Maintenance Function Test,DEFAULT,No user,,,,,,0.00,6.00,9.00,0.00,5.00,44.00,16.00,4.00,6.00,72.87,120.70,66.64,18.28,2.28,1.00,1.00,0.00,0.00,0.00,0.00,0.00,0.00,0.00,0.00
06/02/2014,11:12:31,Maintenance Function Test,DEFAULT,No user,,,,,,0.00,6.00,19.00,0.00,5.00,54.00,16.00,4.00,6.00,81.83,120.94,73.09,18.28,5.63,1.00,1.00,0.00,0.00,0.00,0.00,0.00,0.00,0.00,0.00
06/02/2014,11:12:41,Maintenance Function Test,DEFAULT,No user,,,,,,0.00,6.00,29.00,0.00,6.00,4.00,16.00,4.00,6.00,90.53,120.26,79.72,18.28,8.89,1.00,1.00,0.00,0.00,0.00,0.00,0.00,0.00,0.00,0.00
06/02/2014,11:12:51,Maintenance Function Test,DEFAULT,No user,,,,,,0.00,6.00,39.00,0.00,6.00,14.00,16.00,4.00,6.00,94.96,120.50,86.17,18.28,10.62,1.00,1.00,0.00,0.00,0.00,0.00,0.00,0.00,0.00,0.00
06/02/2014,11:13:01,Maintenance Function Test,DEFAULT,No user,,,,,,0.00,6.00,49.00,0.00,6.00,24.00,16.00,4.00,6.00,99.13,120.74,92.62,18.28,12.25,1.00,1.00,0.00,0.00,0.00,0.00,0.00,0.00,0.00,0.00
06/02/2014,11:13:11,Maintenance Function Test,DEFAULT,No user,,,,,,0.00,6.00,59.00,0.00,6.00,34.00,16.00,4.00,6.00,101.37,120.36,99.25,18.28,13.97,1.00,1.00,0.00,0.00,0.00,0.00,0.00,0.00,0.00,0.00
06/02/2014,11:13:21,Maintenance Function Test,DEFAULT,No user,,,,,,0.00,7.00,9.00,0.00,6.00,44.00,16.00,4.00,2.00,102.40,120.26,102.35,18.28,15.99,1.00,1.00,0.00,0.00,0.00,0.00,0.00,0.00,0.00,0.00
06/02/2014,11:13:31,Maintenance Function Test,DEFAULT,No user,,,,,,0.00,7.00,19.00,0.00,6.00,54.00,16.00,4.00,2.00,101.11,120.50,101.15,18.28,15.32,1.00,1.00,0.00,0.00,0.00,0.00,0.00,0.00,0.00,0.00
06/02/2014,11:13:41,Maintenance Function Test,DEFAULT,No user,,,,,,0.00,7.00,29.00,0.00,7.00,4.00,16.00,4.00,2.00,99.28,120.40,99.34,18.28,13.35,1.00,1.00,0.00,0.00,0.00,0.00,0.00,0.00,0.00,0.00
06/02/2014,11:13:51,Maintenance Function Test,DEFAULT,No user,,,,,,0.00,7.00,39.00,0.00,7.00,14.00,16.00,4.00,2.00,98.06,120.65,98.12,18.28,11.72,1.00,1.00,0.00,0.00,0.00,0.00,0.00,0.00,0.00,0.00
06/02/2014,11:14:01,Maintenance Function Test,DEFAULT,No user,,,,,,0.00,7.00,49.00,0.00,7.00,24.00,16.00,4.00,2.00,96.84,120.26,96.84,18.28,10.09,1.00,1.00,0.00,0.00,0.00,0.00,0.00,0.00,0.00,0.00
06/02/2014,11:14:11,Maintenance Function Test,DEFAULT,No user,,,,,,0.00,7.00,59.00,0.00,7.00,34.00,16.00,4.00,2.00,95.61,120.50,95.74,18.28,8.46,1.00,1.00,0.00,0.00,0.00,0.00,0.00,0.00,0.00,0.00
06/02/2014,11:14:21,Maintenance Function Test,DEFAULT,No user,,,,,,0.00,8.00,9.00,0.00,7.00,44.00,16.00,4.00,2.00,94.26,120.40,94.36,18.28,6.65,1.00,1.00,0.00,0.00,0.00,0.00,0.00,0.00,0.00,0.00
06/02/2014,11:14:31,Maintenance Function Test,DEFAULT,No user,,,,,,0.00,8.00,19.00,0.00,7.00,54.00,16.00,4.00,2.00,93.65,120.36,93.76,18.28,5.83,1.00,1.00,0.00,0.00,0.00,0.00,0.00,0.00,0.00,0.00
06/02/2014,11:14:41,Maintenance Function Test,DEFAULT,No user,,,,,,0.00,8.00,29.00,0.00,8.00,4.00,16.00,4.00,2.00,91.88,120.70,91.88,18.28,3.48,1.00,1.00,0.00,0.00,0.00,0.00,0.00,0.00,0.00,0.00
06/02/2014,11:14:51,Maintenance Function Test,DEFAULT,No user,,,,,,0.00,8.00,39.00,0.00,8.00,14.00,16.00,4.00,3.00,90.60,119.92,90.61,18.28,1.75,1.00,1.00,0.00,0.00,0.00,0.00,0.00,0.00,0.00,0.00
06/02/2014,11:15:01,Maintenance Function Test,DEFAULT,No user,,,,,,0.00,8.00,49.00,0.00,8.00,24.00,16.00,4.00,3.00,89.38,120.84,89.40,18.28,0.94,1.00,1.00,0.00,0.00,0.00,0.00,0.00,0.00,0.00,0.00
06/02/2014,11:15:11,Maintenance Function Test,DEFAULT,No user,,,,,,0.00,8.00,59.00,0.00,8.00,34.00,16.00,4.00,3.00,86.73,120.40,86.77,18.28,0.94,1.00,1.00,0.00,0.00,0.00,0.00,0.00,0.00,0.00,0.00
06/02/2014,11:15:21,Maintenance Function Test,DEFAULT,No user,,,,,,0.00,9.00,9.00,0.00,8.00,44.00,16.00,4.00,4.00,84.29,120.70,84.29,18.28,0.94,1.00,1.00,0.00,0.00,0.00,0.00,0.00,0.00,0.00,0.00
06/02/2014,11:15:31,Maintenance Function Test,DEFAULT,No user,,,,,,0.00,9.00,20.00,0.00,8.00,55.00,16.00,4.00,4.00,91.57,120.26,89.15,18.28,1.03,1.00,1.00,0.00,0.00,0.00,0.00,0.00,0.00,0.00,0.00
06/02/2014,11:15:41,Maintenance Function Test,DEFAULT,No user,,,,,,0.00,9.00,29.00,0.00,9.00,4.00,16.00,4.00,4.00,100.14,120.84,95.43,18.28,1.03,1.00,1.00,0.00,0.00,0.00,0.00,0.00,0.00,0.00,0.00
06/02/2014,11:15:51,Maintenance Function Test,DEFAULT,No user,,,,,,0.00,9.00,39.00,0.00,9.00,14.00,16.00,4.00,6.00,103.53,120.31,101.53,18.28,3.57,1.00,1.00,0.00,0.00,0.00,0.00,0.00,0.00,0.00,0.00
06/02/2014,11:16:01,Maintenance Function Test,DEFAULT,No user,,,,,,0.00,9.00,49.00,0.00,9.00,24.00,16.00,4.00,6.00,104.59,120.74,104.59,18.28,7.10,1.00,1.00,0.00,0.00,0.00,0.00,0.00,0.00,0.00,0.00
06/02/2014,11:16:11,Maintenance Function Test,DEFAULT,No user,,,,,,0.00,9.00,59.00,0.00,9.00,34.00,16.00,4.00,6.00,104.50,120.31,104.63,18.28,9.73,1.00,1.00,0.00,0.00,0.00,0.00,0.00,0.00,0.00,0.00
06/02/2014,11:16:21,Maintenance Function Test,DEFAULT,No user,,,,,,0.00,10.00,9.00,0.00,9.00,44.00,16.00,4.00,6.00,104.52,120.84,104.50,18.28,11.45,1.00,1.00,0.00,0.00,0.00,0.00,0.00,0.00,0.00,0.00
06/02/2014,11:16:31,Maintenance Function Test,DEFAULT,No user,,,,,,0.00,10.00,19.00,0.00,9.00,54.00,16.00,4.00,6.00,104.52,120.45,104.58,18.28,13.08,1.00,1.00,0.00,0.00,0.00,0.00,0.00,0.00,0.00,0.00
06/02/2014,11:16:41,Maintenance Function Test,DEFAULT,No user,,,,,,0.00,10.00,29.00,0.00,10.00,4.00,16.00,4.00,6.00,104.54,120.70,104.52,18.28,14.80,1.00,1.00,0.00,0.00,0.00,0.00,0.00,0.00,0.00,0.00
06/02/2014,11:16:51,Maintenance Function Test,DEFAULT,No user,,,,,,0.00,10.00,39.00,0.00,0.00,8.00,16.00,11.00,1.00,104.28,120.26,104.42,18.28,17.09,1.00,1.00,1.00,0.00,0.00,0.00,0.00,0.00,0.00,0.00
06/02/2014,11:17:01,Maintenance Function Test,DEFAULT,No user,,,,,,0.00,10.00,49.00,0.00,0.00,18.00,16.00,11.00,1.00,103.94,120.55,103.88,18.28,16.88,1.00,1.00,1.00,0.00,0.00,0.00,0.00,0.00,0.00,0.00
06/02/2014,11:17:11,Maintenance Function Test,DEFAULT,No user,,,,,,0.00,10.00,59.00,0.00,0.00,28.00,16.00,11.00,1.00,107.12,120.50,107.06,18.28,18.75,1.00,1.00,1.00,0.00,0.00,0.00,0.00,0.00,0.00,0.00
06/02/2014,11:17:21,Maintenance Function Test,DEFAULT,No user,,,,,,0.00,11.00,9.00,0.00,0.00,38.00,16.00,11.00,1.00,109.85,120.70,109.98,18.28,20.67,1.00,1.00,1.00,0.00,0.00,0.00,0.00,0.00,0.00,0.00
06/02/2014,11:17:31,Maintenance Function Test,DEFAULT,No user,,,,,,0.00,11.00,19.00,0.00,0.00,48.00,16.00,11.00,1.00,112.28,120.31,112.31,18.28,22.42,1.00,1.00,1.00,0.00,0.00,0.00,0.00,0.00,0.00,0.00
06/02/2014,11:17:41,Maintenance Function Test,DEFAULT,No user,,,,,,0.00,11.00,29.00,0.00,0.00,58.00,16.00,11.00,1.00,114.41,120.60,114.38,18.28,24.04,1.00,1.00,1.00,0.00,0.00,0.00,0.00,0.00,0.00,0.00
06/02/2014,11:17:51,Maintenance Function Test,DEFAULT,No user,,,,,,0.00,11.00,39.00,0.00,1.00,8.00,16.00,11.00,2.00,116.53,120.55,116.53,18.28,25.76,1.00,1.00,1.00,0.00,0.00,0.00,0.00,0.00,0.00,0.00
06/02/2014,11:18:01,Maintenance Function Test,DEFAULT,No user,,,,,,0.00,11.00,49.00,0.00,1.00,18.00,16.00,11.00,2.00,116.65,120.84,116.67,18.28,25.86,1.00,1.00,1.00,0.00,0.00,0.00,0.00,0.00,0.00,0.00
06/02/2014,11:18:11,Maintenance Function Test,DEFAULT,No user,,,,,,0.00,11.00,59.00,0.00,1.00,28.00,16.00,11.00,2.00,117.35,120.40,117.25,18.28,26.33,1.00,1.00,1.00,0.00,0.00,0.00,0.00,0.00,0.00,0.00
06/02/2014,11:18:22,Maintenance Function Test,DEFAULT,No user,,,,,,0.00,12.00,10.00,0.00,1.00,39.00,16.00,11.00,2.00,117.90,120.50,118.00,18.28,26.92,1.00,1.00,1.00,0.00,0.00,0.00,0.00,0.00,0.00,0.00
06/02/2014,11:18:31,Maintenance Function Test,DEFAULT,No user,,,,,,0.00,12.00,19.00,0.00,1.00,48.00,16.00,11.00,2.00,118.32,120.50,118.31,18.28,27.16,1.00,1.00,1.00,0.00,0.00,0.00,0.00,0.00,0.00,0.00
06/02/2014,11:18:41,Maintenance Function Test,DEFAULT,No user,,,,,,0.00,12.00,29.00,0.00,1.00,58.00,16.00,11.00,2.00,118.73,120.70,118.80,18.28,27.65,1.00,1.00,1.00,0.00,0.00,0.00,0.00,0.00,0.00,0.00
06/02/2014,11:18:52,Maintenance Function Test,DEFAULT,No user,,,,,,0.00,12.00,40.00,0.00,2.00,9.00,16.00,11.00,2.00,119.13,120.26,119.20,18.28,28.00,1.00,1.00,1.00,0.00,0.00,0.00,0.00,0.00,0.00,0.00
06/02/2014,11:19:01,Maintenance Function Test,DEFAULT,No user,,,,,,0.00,12.00,50.00,0.00,2.00,19.00,16.00,11.00,2.00,119.55,120.55,119.59,18.28,28.38,1.00,1.00,1.00,0.00,0.00,0.00,0.00,0.00,0.00,0.00
06/02/2014,11:19:11,Maintenance Function Test,DEFAULT,No user,,,,,,0.00,13.00,0.00,0.00,2.00,29.00,16.00,11.00,2.00,119.97,120.79,119.82,18.28,28.62,1.00,1.00,1.00,0.00,0.00,0.00,0.00,0.00,0.00,0.00
06/02/2014,11:19:21,Maintenance Function Test,DEFAULT,No user,,,,,,0.00,13.00,10.00,0.00,2.00,39.00,16.00,11.00,2.00,120.38,120.40,120.39,18.28,29.13,1.00,1.00,1.00,0.00,0.00,0.00,0.00,0.00,0.00,0.00
06/02/2014,11:19:31,Maintenance Function Test,DEFAULT,No user,,,,,,0.00,13.00,20.00,0.00,2.00,49.00,16.00,11.00,2.00,120.79,120.65,120.87,18.28,29.52,1.00,1.00,1.00,0.00,0.00,0.00,0.00,0.00,0.00,0.00
06/02/2014,11:19:41,Maintenance Function Test,DEFAULT,No user,,,,,,0.00,13.00,30.00,0.00,2.00,59.00,16.00,11.00,2.00,121.20,120.26,121.10,18.28,29.76,1.00,1.00,1.00,0.00,0.00,0.00,0.00,0.00,0.00,0.00
06/02/2014,11:19:51,Maintenance Function Test,DEFAULT,No user,,,,,,0.00,13.00,39.00,0.00,3.00,8.00,16.00,13.00,2.00,121.63,120.55,121.57,18.28,30.16,1.00,1.00,1.00,0.00,0.00,0.00,0.00,0.00,0.00,0.00
06/02/2014,11:20:01,Maintenance Function Test,DEFAULT,No user,,,,,,0.00,13.00,49.00,0.00,0.00,10.00,16.00,13.00,2.00,121.89,120.79,121.80,18.28,30.40,1.00,1.00,1.00,0.00,0.00,0.00,0.00,0.00,0.00,0.00
06/02/2014,11:20:11,Maintenance Function Test,DEFAULT,No user,,,,,,0.00,13.00,59.00,0.00,0.00,20.00,16.00,13.00,2.00,122.30,120.45,122.19,18.28,30.80,1.00,1.00,1.00,0.00,0.00,0.00,0.00,0.00,0.00,0.00
06/02/2014,11:20:21,Maintenance Function Test,DEFAULT,No user,,,,,,0.00,14.00,9.00,0.00,0.00,30.00,16.00,13.00,2.00,122.56,120.65,122.34,18.28,31.05,1.00,1.00,1.00,0.00,0.00,0.00,0.00,0.00,0.00,0.00
06/02/2014,11:20:31,Maintenance Function Test,DEFAULT,No user,,,,,,0.00,14.00,19.00,0.00,0.00,40.00,16.00,13.00,2.00,122.51,120.31,122.48,18.28,31.00,1.00,1.00,1.00,0.00,0.00,0.00,0.00,0.00,0.00,0.00
06/02/2014,11:20:41,Maintenance Function Test,DEFAULT,No user,,,,,,0.00,14.00,29.00,0.00,0.00,50.00,16.00,13.00,2.00,122.46,120.84,122.61,18.28,31.10,1.00,1.00,1.00,0.00,0.00,0.00,0.00,0.00,0.00,0.00
06/02/2014,11:20:51,Maintenance Function Test,DEFAULT,No user,,,,,,0.00,14.00,39.00,0.00,1.00,0.00,16.00,13.00,2.00,122.56,120.45,122.34,18.28,31.05,1.00,1.00,1.00,0.00,0.00,0.00,0.00,0.00,0.00,0.00
06/02/2014,11:21:01,Maintenance Function Test,DEFAULT,No user,,,,,,0.00,14.00,49.00,0.00,1.00,10.00,16.00,13.00,2.00,122.35,120.70,122.32,18.28,31.00,1.00,1.00,1.00,0.00,0.00,0.00,0.00,0.00,0.00,0.00
06/02/2014,11:21:11,Maintenance Function Test,DEFAULT,No user,,,,,,0.00,14.00,59.00,0.00,1.00,20.00,16.00,13.00,2.00,122.47,120.70,122.46,18.28,31.11,1.00,1.00,1.00,0.00,0.00,0.00,0.00,0.00,0.00,0.00
06/02/2014,11:21:21,Maintenance Function Test,DEFAULT,No user,,,,,,0.00,15.00,9.00,0.00,1.00,30.00,16.00,13.00,2.00,122.56,120.55,122.54,18.28,31.05,1.00,1.00,1.00,0.00,0.00,0.00,0.00,0.00,0.00,0.00
06/02/2014,11:21:32,Maintenance Function Test,DEFAULT,No user,,,,,,0.00,15.00,19.00,0.00,1.00,40.00,16.00,13.00,2.00,122.50,120.74,122.36,18.28,30.99,1.00,1.00,1.00,0.00,0.00,0.00,0.00,0.00,0.00,0.00
06/02/2014,11:21:41,Maintenance Function Test,DEFAULT,No user,,,,,,0.00,15.00,29.00,0.00,1.00,50.00,16.00,13.00,2.00,122.31,120.50,122.32,18.28,30.96,1.00,1.00,1.00,0.00,0.00,0.00,0.00,0.00,0.00,0.00
06/02/2014,11:21:51,Maintenance Function Test,DEFAULT,No user,,,,,,0.00,15.00,39.00,0.00,2.00,0.00,16.00,13.00,2.00,122.55,120.60,122.56,18.28,31.19,1.00,1.00,1.00,0.00,0.00,0.00,0.00,0.00,0.00,0.00
06/02/2014,11:22:02,Maintenance Function Test,DEFAULT,No user,,,,,,0.00,15.00,50.00,0.00,2.00,11.00,16.00,13.00,2.00,122.63,120.45,122.71,18.28,31.27,1.00,1.00,1.00,0.00,0.00,0.00,0.00,0.00,0.00,0.00
06/02/2014,11:22:11,Maintenance Function Test,DEFAULT,No user,,,,,,0.00,15.00,59.00,0.00,2.00,20.00,16.00,13.00,2.00,122.45,120.79,122.42,18.28,31.09,1.00,1.00,1.00,0.00,0.00,0.00,0.00,0.00,0.00,0.00
06/02/2014,11:22:21,Maintenance Function Test,DEFAULT,No user,,,,,,0.00,16.00,9.00,0.00,2.00,30.00,16.00,13.00,2.00,122.55,120.40,122.48,18.28,31.04,1.00,1.00,1.00,0.00,0.00,0.00,0.00,0.00,0.00,0.00
06/02/2014,11:22:31,Maintenance Function Test,DEFAULT,No user,,,,,,0.00,16.00,19.00,0.00,2.00,40.00,16.00,13.00,2.00,122.50,120.65,122.54,18.28,31.14,1.00,1.00,1.00,0.00,0.00,0.00,0.00,0.00,0.00,0.00
06/02/2014,11:22:41,Maintenance Function Test,DEFAULT,No user,,,,,,0.00,16.00,30.00,0.00,2.00,51.00,16.00,13.00,2.00,122.59,120.55,122.44,18.28,31.08,1.00,1.00,1.00,0.00,0.00,0.00,0.00,0.00,0.00,0.00
06/02/2014,11:22:51,Maintenance Function Test,DEFAULT,No user,,,,,,0.00,16.00,40.00,0.00,3.00,1.00,16.00,13.00,2.00,122.54,120.74,122.52,18.28,31.03,1.00,1.00,1.00,0.00,0.00,0.00,0.00,0.00,0.00,0.00
06/02/2014,11:23:01,Maintenance Function Test,DEFAULT,No user,,,,,,0.00,16.00,50.00,0.00,3.00,11.00,16.00,13.00,2.00,122.49,120.40,122.50,18.28,31.13,1.00,1.00,1.00,0.00,0.00,0.00,0.00,0.00,0.00,0.00
06/02/2014,11:23:11,Maintenance Function Test,DEFAULT,No user,,,,,,0.00,17.00,0.00,0.00,3.00,21.00,16.00,13.00,2.00,122.74,120.60,122.65,18.28,31.22,1.00,1.00,1.00,0.00,0.00,0.00,0.00,0.00,0.00,0.00
06/02/2014,11:23:21,Maintenance Function Test,DEFAULT,No user,,,,,,0.00,17.00,10.00,0.00,3.00,31.00,16.00,13.00,2.00,122.54,120.55,122.38,18.28,31.03,1.00,1.00,1.00,0.00,0.00,0.00,0.00,0.00,0.00,0.00
06/02/2014,11:23:31,Maintenance Function Test,DEFAULT,No user,,,,,,0.00,17.00,20.00,0.00,3.00,41.00,16.00,13.00,2.00,122.49,120.79,122.28,18.28,30.98,1.00,1.00,1.00,0.00,0.00,0.00,0.00,0.00,0.00,0.00
06/02/2014,11:23:41,Maintenance Function Test,DEFAULT,No user,,,,,,0.00,17.00,29.00,0.00,3.00,50.00,16.00,13.00,2.00,122.46,120.84,122.50,18.28,31.10,1.00,1.00,1.00,0.00,0.00,0.00,0.00,0.00,0.00,0.00
06/02/2014,11:23:51,Maintenance Function Test,DEFAULT,No user,,,,,,0.00,17.00,39.00,0.00,4.00,0.00,16.00,13.00,2.00,122.40,120.45,122.40,18.28,31.05,1.00,1.00,1.00,0.00,0.00,0.00,0.00,0.00,0.00,0.00
06/02/2014,11:24:01,Maintenance Function Test,DEFAULT,No user,,,,,,0.00,17.00,49.00,0.00,4.00,10.00,16.00,13.00,2.00,122.35,120.99,122.36,18.28,31.00,1.00,1.00,1.00,0.00,0.00,0.00,0.00,0.00,0.00,0.00
06/02/2014,11:24:11,Maintenance Function Test,DEFAULT,No user,,,,,,0.00,17.00,59.00,0.00,4.00,20.00,16.00,13.00,2.00,122.30,120.36,122.25,18.28,30.95,1.00,1.00,1.00,0.00,0.00,0.00,0.00,0.00,0.00,0.00
06/02/2014,11:24:21,Maintenance Function Test,DEFAULT,No user,,,,,,0.00,18.00,9.00,0.00,4.00,30.00,16.00,13.00,2.00,122.57,120.94,122.73,18.28,31.22,1.00,1.00,1.00,0.00,0.00,0.00,0.00,0.00,0.00,0.00
06/02/2014,11:24:31,Maintenance Function Test,DEFAULT,No user,,,,,,0.00,18.00,19.00,0.00,4.00,40.00,16.00,13.00,2.00,122.51,120.79,122.46,18.28,31.15,1.00,1.00,1.00,0.00,0.00,0.00,0.00,0.00,0.00,0.00
06/02/2014,11:24:41,Maintenance Function Test,DEFAULT,No user,,,,,,0.00,18.00,30.00,0.00,4.00,51.00,16.00,13.00,2.00,122.44,120.65,122.44,18.28,31.08,1.00,1.00,1.00,0.00,0.00,0.00,0.00,0.00,0.00,0.00
06/02/2014,11:24:51,Maintenance Function Test,DEFAULT,No user,,,,,,0.00,18.00,39.00,0.00,5.00,0.00,16.00,13.00,2.00,122.42,121.03,122.56,18.28,31.07,1.00,1.00,1.00,0.00,0.00,0.00,0.00,0.00,0.00,0.00
06/02/2014,11:25:01,Maintenance Function Test,DEFAULT,No user,,,,,,0.00,18.00,50.00,0.00,0.00,9.00,16.00,16.00,2.00,122.45,120.50,122.50,18.28,31.15,1.00,1.00,1.00,0.00,0.00,0.00,0.00,0.00,0.00,0.00
06/02/2014,11:25:11,Maintenance Function Test,DEFAULT,No user,,,,,,0.00,19.00,0.00,0.00,0.00,19.00,16.00,16.00,2.00,121.43,120.70,121.47,18.28,30.17,1.00,1.00,1.00,0.00,0.00,0.00,0.00,0.00,0.00,0.00
06/02/2014,11:25:21,Maintenance Function Test,DEFAULT,No user,,,,,,0.00,19.00,9.00,0.00,0.00,28.00,16.00,16.00,2.00,119.13,120.79,119.15,18.28,28.05,1.00,1.00,1.00,0.00,0.00,0.00,0.00,0.00,0.00,0.00
06/02/2014,11:25:31,Maintenance Function Test,DEFAULT,No user,,,,,,0.00,19.00,19.00,0.00,0.00,38.00,16.00,16.00,2.00,117.09,120.70,117.09,18.28,26.23,1.00,1.00,1.00,0.00,0.00,0.00,0.00,0.00,0.00,0.00
06/02/2014,11:25:41,Maintenance Function Test,DEFAULT,No user,,,,,,0.00,19.00,29.00,0.00,0.00,48.00,16.00,16.00,2.00,115.80,120.65,115.85,18.28,25.21,1.00,1.00,1.00,0.00,0.00,0.00,0.00,0.00,0.00,0.00
06/02/2014,11:25:51,Maintenance Function Test,DEFAULT,No user,,,,,,0.00,19.00,39.00,0.00,0.00,58.00,16.00,16.00,2.00,113.23,120.84,113.29,18.28,23.17,1.00,1.00,1.00,0.00,0.00,0.00,0.00,0.00,0.00,0.00
06/02/2014,11:26:01,Maintenance Function Test,DEFAULT,No user,,,,,,0.00,19.00,49.00,0.00,1.00,8.00,16.00,16.00,2.00,110.79,120.79,110.74,18.28,21.32,1.00,1.00,1.00,0.00,0.00,0.00,0.00,0.00,0.00,0.00
06/02/2014,11:26:11,Maintenance Function Test,DEFAULT,No user,,,,,,0.00,19.00,59.00,0.00,1.00,18.00,16.00,16.00,2.00,108.28,120.70,108.30,18.28,19.64,1.00,1.00,1.00,0.00,0.00,0.00,0.00,0.00,0.00,0.00
06/02/2014,11:26:21,Maintenance Function Test,DEFAULT,No user,,,,,,0.00,20.00,9.00,0.00,1.00,28.00,16.00,16.00,2.00,105.77,120.65,105.82,18.28,18.02,1.00,1.00,1.00,0.00,0.00,0.00,0.00,0.00,0.00,0.00
06/02/2014,11:26:31,Maintenance Function Test,DEFAULT,No user,,,,,,0.00,20.00,19.00,0.00,1.00,38.00,16.00,16.00,2.00,103.19,120.84,103.26,18.28,16.48,1.00,1.00,1.00,0.00,0.00,0.00,0.00,0.00,0.00,0.00
06/02/2014,11:26:41,Maintenance Function Test,DEFAULT,No user,,,,,,0.00,20.00,30.00,0.00,1.00,49.00,16.00,16.00,2.00,100.55,120.40,100.55,18.28,15.01,1.00,1.00,0.00,0.00,0.00,0.00,0.00,0.00,0.00,0.00
06/02/2014,11:26:51,Maintenance Function Test,DEFAULT,No user,,,,,,0.00,20.00,40.00,0.00,1.00,59.00,16.00,16.00,2.00,98.92,120.60,98.92,18.28,12.89,1.00,1.00,0.00,0.00,0.00,0.00,0.00,0.00,0.00,0.00
06/02/2014,11:27:01,Maintenance Function Test,DEFAULT,No user,,,,,,0.00,20.00,50.00,0.00,2.00,9.00,16.00,16.00,2.00,97.63,120.55,97.77,18.28,11.17,1.00,1.00,0.00,0.00,0.00,0.00,0.00,0.00,0.00,0.00
06/02/2014,11:27:11,Maintenance Function Test,DEFAULT,No user,,,,,,0.00,21.00,0.00,0.00,2.00,19.00,16.00,16.00,2.00,96.34,120.79,96.40,18.28,9.45,1.00,1.00,0.00,0.00,0.00,0.00,0.00,0.00,0.00,0.00
06/02/2014,11:27:21,Maintenance Function Test,DEFAULT,No user,,,,,,0.00,21.00,9.00,0.00,2.00,28.00,16.00,16.00,2.00,95.80,120.79,95.80,18.28,8.72,1.00,1.00,0.00,0.00,0.00,0.00,0.00,0.00,0.00,0.00
06/02/2014,11:27:31,Maintenance Function Test,DEFAULT,No user,,,,,,0.00,21.00,19.00,0.00,2.00,38.00,16.00,16.00,2.00,93.97,120.74,93.92,18.28,6.28,1.00,0.00,0.00,0.00,0.00,0.00,0.00,0.00,0.00,0.00
06/02/2014,11:27:41,Maintenance Function Test,DEFAULT,No user,,,,,,0.00,21.00,29.00,0.00,2.00,48.00,16.00,16.00,2.00,93.29,120.65,93.24,18.28,5.37,1.00,0.00,0.00,0.00,0.00,0.00,0.00,0.00,0.00,0.00
06/02/2014,11:27:51,Maintenance Function Test,DEFAULT,No user,,,,,,0.00,21.00,39.00,0.00,2.00,58.00,16.00,16.00,3.00,91.46,120.89,91.46,18.28,2.92,1.00,0.00,0.00,0.00,0.00,0.00,0.00,0.00,0.00,0.00
06/02/2014,11:28:01,Maintenance Function Test,DEFAULT,No user,,,,,,0.00,21.00,49.00,0.00,3.00,8.00,16.00,16.00,3.00,90.24,120.60,90.24,18.28,1.29,1.00,0.00,0.00,0.00,0.00,0.00,0.00,0.00,0.00,0.00
06/02/2014,11:28:11,Maintenance Function Test,DEFAULT,No user,,,,,,0.00,21.00,59.00,0.00,3.00,18.00,16.00,16.00,3.00,87.73,121.03,87.76,18.28,0.93,1.00,0.00,0.00,0.00,0.00,0.00,0.00,0.00,0.00,0.00
06/02/2014,11:28:21,Maintenance Function Test,DEFAULT,No user,,,,,,0.00,22.00,9.00,0.00,3.00,28.00,16.00,16.00,3.00,85.15,120.65,85.20,18.28,0.93,1.00,0.00,0.00,0.00,0.00,0.00,0.00,0.00,0.00,0.00
06/02/2014,11:28:31,Maintenance Function Test,DEFAULT,No user,,,,,,0.00,22.00,19.00,0.00,3.00,38.00,16.00,16.00,3.00,82.78,120.99,82.80,18.28,0.93,1.00,0.00,0.00,0.00,0.00,0.00,0.00,0.00,0.00,0.00
06/02/2014,11:28:41,Maintenance Function Test,DEFAULT,No user,,,,,,0.00,22.00,29.00,0.00,3.00,48.00,16.00,16.00,3.00,80.13,120.55,80.16,18.28,0.93,1.00,0.00,0.00,0.00,0.00,0.00,0.00,0.00,0.00,0.00
06/02/2014,11:28:51,Maintenance Function Test,DEFAULT,No user,,,,,,0.00,22.00,39.00,0.00,3.00,58.00,16.00,16.00,3.00,77.69,121.13,77.76,18.28,0.93,1.00,0.00,0.00,0.00,0.00,0.00,0.00,0.00,0.00,0.00
06/02/2014,11:29:01,Maintenance Function Test,DEFAULT,No user,,,,,,0.00,22.00,49.00,0.00,4.00,8.00,16.00,16.00,3.00,75.18,119.92,75.20,18.28,0.93,1.00,0.00,0.00,0.00,0.00,0.00,0.00,0.00,0.00,0.00
06/02/2014,11:29:11,Maintenance Function Test,DEFAULT,No user,,,,,,0.00,22.00,59.00,0.00,4.00,18.00,16.00,16.00,3.00,72.54,120.36,72.57,18.28,0.93,1.00,0.00,0.00,0.00,0.00,0.00,0.00,0.00,0.00,0.00
06/02/2014,11:29:21,Maintenance Function Test,DEFAULT,No user,,,,,,0.00,23.00,9.00,0.00,4.00,28.00,16.00,16.00,3.00,70.03,121.18,70.09,18.28,0.93,1.00,0.00,0.00,0.00,0.00,0.00,0.00,0.00,0.00,0.00
06/02/2014,11:29:31,Maintenance Function Test,DEFAULT,No user,,,,,,0.00,23.00,19.00,0.00,4.00,38.00,16.00,16.00,3.00,67.45,120.50,67.45,18.28,0.93,1.00,0.00,0.00,0.00,0.00,0.00,0.00,0.00,0.00,0.00
06/02/2014,11:29:41,Maintenance Function Test,DEFAULT,No user,,,,,,0.00,23.00,29.00,0.00,4.00,48.00,16.00,16.00,3.00,64.94,120.45,64.97,18.28,0.93,1.00,0.00,0.00,0.00,0.00,0.00,0.00,0.00,0.00,0.00
06/02/2014,11:29:51,Maintenance Function Test,DEFAULT,No user,,,,,,0.00,23.00,39.00,0.00,4.00,58.00,16.00,16.00,3.00,62.43,120.99,62.49,18.28,0.93,1.00,0.00,0.00,0.00,0.00,0.00,0.00,0.00,0.00,0.00
06/02/2014,11:30:01,Maintenance Function Test,DEFAULT,No user,,,,,,0.00,23.00,49.00,0.00,5.00,8.00,16.00,16.00,3.00,59.86,120.89,59.86,18.28,0.93,1.00,0.00,0.00,0.00,0.00,0.00,0.00,0.00,0.00,0.00
06/02/2014,11:30:11,Maintenance Function Test,DEFAULT,No user,,,,,,0.00,23.00,59.00,0.00,5.00,18.00,16.00,16.00,3.00,57.35,120.55,57.38,18.28,0.93,1.00,0.00,0.00,0.00,0.00,0.00,0.00,0.00,0.00,0.00
06/02/2014,11:30:21,Maintenance Function Test,DEFAULT,No user,,,,,,0.00,24.00,9.00,0.00,5.00,28.00,16.00,16.00,3.00,54.77,121.03,54.82,18.28,0.93,1.00,0.00,0.00,0.00,0.00,0.00,0.00,0.00,0.00,0.00
06/02/2014,11:30:31,Maintenance Function Test,DEFAULT,No user,,,,,,0.00,24.00,19.00,0.00,5.00,38.00,16.00,16.00,3.00,52.26,120.70,52.26,18.28,0.93,1.00,0.00,0.00,0.00,0.00,0.00,0.00,0.00,0.00,0.00
06/02/2014,11:30:41,Maintenance Function Test,DEFAULT,No user,,,,,,0.00,24.00,29.00,0.00,5.00,48.00,16.00,16.00,3.00,49.69,121.18,49.71,18.28,0.93,1.00,0.00,0.00,0.00,0.00,0.00,0.00,0.00,0.00,0.00
06/02/2014,11:30:51,Maintenance Function Test,DEFAULT,No user,,,,,,0.00,24.00,39.00,0.00,5.00,58.00,16.00,16.00,3.00,47.18,120.55,47.23,18.28,0.93,1.00,0.00,0.00,0.00,0.00,0.00,0.00,0.00,0.00,0.00
06/02/2014,11:31:01,Maintenance Function Test,DEFAULT,No user,,,,,,0.00,24.00,49.00,0.00,6.00,8.00,16.00,16.00,3.00,44.60,121.03,44.67,18.28,0.93,1.00,0.00,0.00,0.00,0.00,0.00,0.00,0.00,0.00,0.00
06/02/2014,11:31:11,Maintenance Function Test,DEFAULT,No user,,,,,,0.00,24.00,59.00,0.00,6.00,18.00,16.00,16.00,3.00,42.09,120.70,42.11,18.28,0.93,1.00,0.00,0.00,0.00,0.00,0.00,0.00,0.00,0.00,0.00
06/02/2014,11:31:21,Maintenance Function Test,DEFAULT,No user,,,,,,0.00,25.00,9.00,0.00,6.00,28.00,16.00,16.00,3.00,39.58,120.94,39.63,18.28,0.93,1.00,0.00,0.00,0.00,0.00,0.00,0.00,0.00,0.00,0.00
06/02/2014,11:31:31,Maintenance Function Test,DEFAULT,No user,,,,,,0.00,25.00,19.00,0.00,6.00,38.00,16.00,16.00,3.00,37.14,119.77,37.15,18.28,0.93,1.00,0.00,0.00,0.00,0.00,0.00,0.00,0.00,0.00,0.00
06/02/2014,11:31:41,Maintenance Function Test,DEFAULT,No user,,,,,,0.00,25.00,29.00,0.00,6.00,48.00,16.00,16.00,3.00,34.56,120.55,34.59,18.28,0.93,1.00,0.00,0.00,0.00,0.00,0.00,0.00,0.00,0.00,0.00
06/02/2014,11:31:51,Maintenance Function Test,DEFAULT,No user,,,,,,0.00,25.00,39.00,0.00,6.00,58.00,16.00,16.00,3.00,31.92,120.99,31.96,18.28,0.93,1.00,0.00,0.00,0.00,0.00,0.00,0.00,0.00,0.00,0.00
06/02/2014,11:32:01,Maintenance Function Test,DEFAULT,No user,,,,,,0.00,25.00,49.00,0.00,7.00,8.00,16.00,16.00,3.00,29.55,120.45,29.56,18.28,0.93,1.00,0.00,0.00,0.00,0.00,0.00,0.00,0.00,0.00,0.00
06/02/2014,11:32:11,Maintenance Function Test,DEFAULT,No user,,,,,,0.00,25.00,59.00,0.00,7.00,18.00,16.00,16.00,3.00,26.97,120.07,27.00,18.28,0.93,1.00,0.00,0.00,0.00,0.00,0.00,0.00,0.00,0.00,0.00
06/02/2014,11:32:21,Maintenance Function Test,DEFAULT,No user,,,,,,0.00,26.00,9.00,0.00,7.00,28.00,16.00,16.00,3.00,24.46,120.60,24.52,18.28,0.93,1.00,0.00,0.00,0.00,0.00,0.00,0.00,0.00,0.00,0.00
06/02/2014,11:32:31,Maintenance Function Test,DEFAULT,No user,,,,,,0.00,26.00,19.00,0.00,7.00,38.00,16.00,16.00,3.00,21.88,119.92,21.88,18.28,0.93,1.00,0.00,0.00,0.00,0.00,0.00,0.00,0.00,0.00,0.00
06/02/2014,11:32:41,Maintenance Function Test,DEFAULT,No user,,,,,,0.00,26.00,29.00,0.00,7.00,48.00,16.00,16.00,3.00,19.37,120.45,19.40,18.28,0.93,1.00,0.00,0.00,0.00,0.00,0.00,0.00,0.00,0.00,0.00
06/02/2014,11:32:51,Maintenance Function Test,DEFAULT,No user,,,,,,0.00,26.00,39.00,0.00,7.00,58.00,16.00,16.00,4.00,17.27,120.65,17.27,18.28,0.93,1.00,0.00,0.00,0.00,0.00,0.00,0.00,0.00,0.00,0.00
06/02/2014,11:33:01,Maintenance Function Test,DEFAULT,No user,,,,,,0.00,26.00,49.00,0.00,0.00,9.00,16.00,17.00,1.00,17.27,120.55,17.27,18.28,0.93,1.00,0.00,0.00,0.00,0.00,0.00,0.00,0.00,0.00,0.00
06/02/2014,11:33:11,Maintenance Function Test,DEFAULT,No user,,,,,,0.00,26.00,59.00,0.00,0.00,19.00,16.00,17.00,1.00,17.27,120.50,17.27,18.28,3.01,1.00,0.00,0.00,0.00,0.00,0.00,0.00,0.00,0.00,0.00
06/02/2014,11:33:21,Maintenance Function Test,DEFAULT,No user,,,,,,0.00,27.00,9.00,0.00,0.00,29.00,16.00,17.00,1.00,17.27,120.70,17.27,18.28,4.74,1.00,0.00,0.00,0.00,0.00,0.00,0.00,0.00,0.00,0.00
06/02/2014,11:33:31,Maintenance Function Test,DEFAULT,No user,,,,,,0.00,27.00,19.00,0.00,0.00,39.00,16.00,17.00,1.00,17.27,120.36,17.27,18.28,6.46,1.00,0.00,0.00,0.00,0.00,0.00,0.00,0.00,0.00,0.00
06/02/2014,11:33:41,Maintenance Function Test,DEFAULT,No user,,,,,,0.00,27.00,29.00,0.00,0.00,49.00,16.00,17.00,1.00,17.27,120.31,17.27,18.28,8.09,1.00,0.00,0.00,0.00,0.00,0.00,0.00,0.00,0.00,0.00
06/02/2014,11:33:51,Maintenance Function Test,DEFAULT,No user,,,,,,0.00,27.00,39.00,0.00,0.00,59.00,16.00,17.00,1.00,17.27,120.79,17.27,18.28,9.81,1.00,0.00,0.00,0.00,0.00,0.00,0.00,0.00,0.00,0.00
06/02/2014,11:34:01,Maintenance Function Test,DEFAULT,No user,,,,,,0.00,27.00,49.00,0.00,1.00,9.00,16.00,17.00,1.00,17.27,120.40,17.27,18.28,11.44,1.00,0.00,0.00,0.00,0.00,0.00,0.00,0.00,0.00,0.00
06/02/2014,11:34:12,Maintenance Function Test,DEFAULT,No user,,,,,,0.00,28.00,0.00,0.00,1.00,20.00,16.00,17.00,1.00,17.27,120.84,17.27,18.28,13.16,1.00,0.00,0.00,0.00,0.00,0.00,0.00,0.00,0.00,0.00
06/02/2014,11:34:22,Maintenance Function Test,DEFAULT,No user,,,,,,0.00,28.00,10.00,0.00,1.00,30.00,16.00,17.00,3.00,17.27,120.79,17.27,18.28,14.43,1.00,0.00,0.00,0.00,0.00,0.00,0.00,0.00,0.00,0.00
06/02/2014,11:34:32,Maintenance Function Test,DEFAULT,No user,,,,,,0.00,28.00,20.00,0.00,1.00,40.00,16.00,17.00,3.00,17.27,120.70,17.27,18.28,13.53,1.00,0.00,0.00,0.00,0.00,0.00,0.00,0.00,0.00,0.00
06/02/2014,11:34:41,Maintenance Function Test,DEFAULT,No user,,,,,,0.00,28.00,29.00,0.00,1.00,49.00,16.00,17.00,3.00,17.27,120.70,17.27,18.28,11.99,1.00,0.00,0.00,0.00,0.00,0.00,0.00,0.00,0.00,0.00
06/02/2014,11:34:51,Maintenance Function Test,DEFAULT,No user,,,,,,0.00,28.00,39.00,0.00,1.00,59.00,16.00,17.00,3.00,17.27,120.11,17.27,18.28,10.99,1.00,0.00,0.00,0.00,0.00,0.00,0.00,0.00,0.00,0.00
06/02/2014,11:35:02,Maintenance Function Test,DEFAULT,No user,,,,,,0.00,28.00,50.00,0.00,2.00,10.00,16.00,17.00,3.00,17.27,120.79,17.27,18.28,8.54,1.00,0.00,0.00,0.00,0.00,0.00,0.00,0.00,0.00,0.00
06/02/2014,11:35:11,Maintenance Function Test,DEFAULT,No user,,,,,,0.00,28.00,59.00,0.00,2.00,19.00,16.00,17.00,3.00,17.27,120.02,17.27,18.28,7.09,1.00,0.00,0.00,0.00,0.00,0.00,0.00,0.00,0.00,0.00
06/02/2014,11:35:21,Maintenance Function Test,DEFAULT,No user,,,,,,0.00,29.00,9.00,0.00,2.00,29.00,16.00,17.00,3.00,17.27,120.21,17.27,18.28,5.19,1.00,0.00,0.00,0.00,0.00,0.00,0.00,0.00,0.00,0.00
06/02/2014,11:35:31,Maintenance Function Test,DEFAULT,No user,,,,,,0.00,29.00,19.00,0.00,2.00,39.00,16.00,17.00,3.00,17.27,120.16,17.27,18.28,3.74,1.00,0.00,0.00,0.00,0.00,0.00,0.00,0.00,0.00,0.00
06/02/2014,11:35:41,Maintenance Function Test,DEFAULT,No user,,,,,,0.00,29.00,29.00,0.00,0.00,4.00,16.00,23.00,1.00,17.13,120.11,17.19,18.28,2.92,1.00,0.00,0.00,0.00,0.00,0.00,0.00,0.00,0.00,0.00
06/02/2014,11:35:51,Maintenance Function Test,DEFAULT,No user,,,,,,0.00,29.00,39.00,0.00,0.00,14.00,16.00,23.00,1.00,16.75,120.55,16.92,18.28,4.10,1.00,0.00,0.00,0.00,0.00,0.00,0.00,0.00,0.00,0.00
06/02/2014,11:36:01,Maintenance Function Test,DEFAULT,No user,,,,,,0.00,29.00,49.00,0.00,0.00,24.00,16.00,23.00,1.00,16.38,120.45,16.40,18.28,5.91,1.00,0.00,0.00,0.00,0.00,0.00,0.00,0.00,0.00,0.00
06/02/2014,11:36:11,Maintenance Function Test,DEFAULT,No user,,,,,,0.00,29.00,59.00,0.00,0.00,34.00,16.00,23.00,1.00,16.02,120.40,16.03,18.28,7.64,1.00,0.00,0.00,0.00,0.00,0.00,0.00,0.00,0.00,0.00
06/02/2014,11:36:21,Maintenance Function Test,DEFAULT,No user,,,,,,0.00,30.00,9.00,0.00,0.00,44.00,16.00,23.00,1.00,15.65,120.60,15.76,18.28,9.27,1.00,0.00,0.00,0.00,0.00,0.00,0.00,0.00,0.00,0.00
06/02/2014,11:36:31,Maintenance Function Test,DEFAULT,No user,,,,,,0.00,30.00,19.00,0.00,0.00,54.00,16.00,23.00,1.00,15.30,120.55,15.31,18.28,10.90,1.00,0.00,0.00,0.00,0.00,0.00,0.00,0.00,0.00,0.00
06/02/2014,11:36:41,Maintenance Function Test,DEFAULT,No user,,,,,,0.00,30.00,29.00,0.00,1.00,4.00,16.00,23.00,1.00,14.99,120.50,15.12,18.28,12.62,1.00,0.00,0.00,0.00,0.00,0.00,0.00,0.00,0.00,0.00
06/02/2014,11:36:51,Maintenance Function Test,DEFAULT,No user,,,,,,0.00,30.00,39.00,0.00,1.00,14.00,16.00,23.00,1.00,14.99,120.40,14.95,18.28,14.25,1.00,0.00,0.00,0.00,0.00,0.00,0.00,0.00,0.00,0.00
06/02/2014,11:37:01,Maintenance Function Test,DEFAULT,No user,,,,,,0.00,30.00,49.00,0.00,1.00,24.00,16.00,23.00,1.00,14.99,120.36,15.10,18.28,15.07,1.00,0.00,0.00,0.00,0.00,0.00,0.00,0.00,0.00,0.00
06/02/2014,11:37:11,Maintenance Function Test,DEFAULT,No user,,,,,,0.00,30.00,59.00,0.00,1.00,34.00,16.00,23.00,1.00,14.99,120.55,14.93,18.28,15.07,1.00,0.00,0.00,0.00,0.00,0.00,0.00,0.00,0.00,0.00
06/02/2014,11:37:21,Maintenance Function Test,DEFAULT,No user,,,,,,0.00,31.00,9.00,0.00,0.00,9.00,16.00,24.00,2.00,14.99,120.21,15.08,18.28,15.07,1.00,0.00,1.00,0.00,0.00,0.00,0.00,0.00,0.00,0.00
06/02/2014,11:37:31,Maintenance Function Test,DEFAULT,No user,,,,,,0.00,31.00,19.00,0.00,0.00,19.00,16.00,24.00,2.00,14.99,120.40,15.16,18.28,15.07,1.00,0.00,1.00,0.00,0.00,0.00,0.00,0.00,0.00,0.00
06/02/2014,11:37:41,Maintenance Function Test,DEFAULT,No user,,,,,,0.00,31.00,29.00,0.00,0.00,29.00,16.00,24.00,2.00,14.99,120.84,15.16,18.28,15.07,1.00,0.00,1.00,0.00,0.00,0.00,0.00,0.00,0.00,0.00
06/02/2014,11:37:51,Maintenance Function Test,DEFAULT,No user,,,,,,0.00,31.00,39.00,0.00,0.00,39.00,16.00,24.00,2.00,14.99,120.02,14.97,18.28,15.07,1.00,0.00,1.00,0.00,0.00,0.00,0.00,0.00,0.00,0.00
06/02/2014,11:38:02,Maintenance Function Test,DEFAULT,No user,,,,,,0.00,31.00,50.00,0.00,0.00,50.00,16.00,24.00,2.00,14.99,120.45,14.97,18.28,15.07,1.00,0.00,1.00,0.00,0.00,0.00,0.00,0.00,0.00,0.00
06/02/2014,11:38:12,Maintenance Function Test,DEFAULT,No user,,,,,,0.00,32.00,0.00,0.00,1.00,0.00,16.00,24.00,2.00,14.99,120.65,15.04,18.28,15.07,1.00,0.00,1.00,0.00,0.00,0.00,0.00,0.00,0.00,0.00
